	wavfile	start_seconds	start_frames	end_seconds	end_frames	identifier	inferred_text_with_hotwords	inferred_text_without_hotwords	motherfile	dist
0	/media/hugo/Seagate Expansion Drive/ALICE_BACKUP/voshpde/pipeLine/segmentation_wavfiles/2018032602/001_2018032602.wav	0.0	0	29.75	1311975	000_2018032602	de ad we move on quickly to the next point which is now quite late so thank you to those colleagues who have been waiting patiently for this point which i ll just ill just move on which is point six ad this is the fifth report of the standing committee on operational cooperation on internal security causy ad here for those who are listening in on this point	men we move on quickly to the next point which is now quite late so thank you to those colleagues who have been waiting patiently for this point which i ll just ill just move on which is point six and this is the fifth report of the standing committee on operational cooperation on internal security causy and here for those who are listening in on this point	/media/hugo/Seagate Expansion Drive/ALICE_BACKUP/voshpde/wav_files/zipfiles/2018032602.wav	6
1	/media/hugo/Seagate Expansion Drive/ALICE_BACKUP/voshpde/pipeLine/segmentation_wavfiles/2018032602/002_2018032602.wav	29.75002267573696	1311976	57.10002267573696	2518111	001_2018032602	the council submitted the report in accordance with article seventy one of the treaty and article six two of the council decision establishing cosy last december ad president the report aims informing parliament the european parliament giving an overview on cases proceedings covering the period january to un january two thousand and sixteen to during two thousand and seventeen and it also includes	the council submitted the report in accordance with article seventy one of the treaty and article six two of the council decision establishing cosy last december president the report aims informing parliament the european parliament giving an overview on cases proceedings covering the period january to ur january two thousand and sixteen to during two thousand and seventeen and it also includes	/media/hugo/Seagate Expansion Drive/ALICE_BACKUP/voshpde/wav_files/zipfiles/2018032602.wav	4
2	/media/hugo/Seagate Expansion Drive/ALICE_BACKUP/voshpde/pipeLine/segmentation_wavfiles/2018032602/003_2018032602.wav	57.10004535147392	2518112	75.65004535147392	3336167	002_2018032602	a pre view on the policy cycle two thousand and eighteen to two thousand and twenty one and we have to make the presentation is mrs sitarska from the bulgarian presidency	a pre view on the policy cycle two thousand and eighteen to two thousand and twenty one and we have to make the presentation is mrs sitarska from the bulgarian presidency	/media/hugo/Seagate Expansion Drive/ALICE_BACKUP/voshpde/wav_files/zipfiles/2018032602.wav	0
3	/media/hugo/Seagate Expansion Drive/ALICE_BACKUP/voshpde/pipeLine/segmentation_wavfiles/2018032602/004_2018032602.wav	75.65006802721088	3336168	103.70006802721089	4573173	003_2018032602	she see with i welcome so mrs astasca representing the bulgarian presidency ad also represented cosi chair who was unfortunately not able to be but us today so mrs task we are running about late sorry for this so wondering you could be concise om sure you can and perhaps give us a of five minute	she see with i welcome so mrs astasca representing the bulgarian presidency an also represented cosy chair who was unfortunately not able to be but us today so mrs task we are running about late sorry for this so wondering you could be concise om sure you can and perhaps give us a of five minute	/media/hugo/Seagate Expansion Drive/ALICE_BACKUP/voshpde/wav_files/zipfiles/2018032602.wav	2
4	/media/hugo/Seagate Expansion Drive/ALICE_BACKUP/voshpde/pipeLine/segmentation_wavfiles/2018032602/005_2018032602.wav	103.70009070294785	4573174	129.85009070294785	5726389	004_2018032602	ik de ten presentation ad then we will take some questions ad please mr president good after colleagues i will try to be as concise as possible having in mind wire scope of the activities that cause is performing annually	ik ten presentation and then we will take some questions please mr president good after colleagues i will try to be as concise as possible having in mind wire scope of the activities that cause is performing annually	/media/hugo/Seagate Expansion Drive/ALICE_BACKUP/voshpde/wav_files/zipfiles/2018032602.wav	7
5	/media/hugo/Seagate Expansion Drive/ALICE_BACKUP/voshpde/pipeLine/segmentation_wavfiles/2018032602/006_2018032602.wav	129.8501133786848	5726390	154.8001133786848	6826685	005_2018032602	de honourable members of parliament ladies and gentlemen it is a privilege for me to have the possibility to inform you in my capacity of chair of the cosi support group and deputy chair of cause itself about the proceedings of the standing committee on operational cooperation on internal security in my intervention today i would like to focus on two aspects main highlights of the report and overview of the current priorities	honourable members of parliament ladies and gentlemen it is a privilege for me to have the possibility to inform you in my capacity of chair of the cosy support group and deputy chair of cause itself about the proceedings of the standing committee on operational cooperation on internal security in my intervention today i would like to focus on two aspects main highlights of the report and overview of the current priorities	/media/hugo/Seagate Expansion Drive/ALICE_BACKUP/voshpde/wav_files/zipfiles/2018032602.wav	4
6	/media/hugo/Seagate Expansion Drive/ALICE_BACKUP/voshpde/pipeLine/segmentation_wavfiles/2018032602/007_2018032602.wav	154.80013605442176	6826686	171.45013605442176	7560951	006_2018032602	you have received the report and i do believe that everybody is quite familiar with the main outcomes and findings of this report so i will be quite short as regards general presentation of what is in the report itself	you have received the report and i do believe that everybody is quite familiar with the main outcomes and findings of this report so i will be quite short as regards general presentation of what is in the report itself	/media/hugo/Seagate Expansion Drive/ALICE_BACKUP/voshpde/wav_files/zipfiles/2018032602.wav	0
7	/media/hugo/Seagate Expansion Drive/ALICE_BACKUP/voshpde/pipeLine/segmentation_wavfiles/2018032602/008_2018032602.wav	171.45015873015873	7560952	191.40015873015872	8440747	007_2018032602	as you can see from the report a large number of issues related to the implementation of the renewed internal security strategy were high on the agenda of causes such as counter terrorism information exchange and interoperability the eu policy cycle for combating organised and serious international crime	as you can see from the report a large number of issues related to the implementation of the renewed internal security strategy were high on the agenda of causes such as counter terrorism information exchange and interoperability the eu policy cycle for combating organised and serious international crime	/media/hugo/Seagate Expansion Drive/ALICE_BACKUP/voshpde/wav_files/zipfiles/2018032602.wav	0
8	/media/hugo/Seagate Expansion Drive/ALICE_BACKUP/voshpde/pipeLine/segmentation_wavfiles/2018032602/009_2018032602.wav	191.4001814058957	8440748	212.9501814058957	9391103	008_2018032602	both the implementation of the cycle two thousand and fourteen two thousand and seventeen and the preparation of the new cycle two thousand and eight in two thousand and twenty one as well as improving the links between internal and external security the implementation of the renewed eu internal security strategy was recurrent team during the period of the report	both the implementation of the cycle two thousand and fourteen two thousand and seventeen and the preparation of the new cycle two thousand and eight in two thousand and twenty one as well as improving the links between internal and external security the implementation of the renewed eu internal security strategy was recurrent team during the period of the report	/media/hugo/Seagate Expansion Drive/ALICE_BACKUP/voshpde/wav_files/zipfiles/2018032602.wav	0
9	/media/hugo/Seagate Expansion Drive/ALICE_BACKUP/voshpde/pipeLine/segmentation_wavfiles/2018032602/010_2018032602.wav	212.95020408163265	9391104	232.80020408163264	10266489	009_2018032602	cosi monitored in close cooperation with the commission upon receiving input from the member states the progress in putting into practice the above mentioned implementation documents furthermore cause we also started discussions on the midterm review of the renewed iss bot on the content and process as regards terrorism	causing monitored in close cooperation with the commission upon receiving input from the member states the progress in putting into practice the above mentioned implementation documents furthermore cause we also started discussions on the midterm review of the renewed iss bot on the content and process as regards terrorism	/media/hugo/Seagate Expansion Drive/ALICE_BACKUP/voshpde/wav_files/zipfiles/2018032602.wav	4
10	/media/hugo/Seagate Expansion Drive/ALICE_BACKUP/voshpde/pipeLine/segmentation_wavfiles/2018032602/011_2018032602.wav	232.80022675736961	10266490	253.55022675736961	11181565	010_2018032602	several counterterrorism measures remained a priority issuing the cosy proceedings cause i continued to monitor the implementation of the operational measures of the council conclusions on counter terrorism up twenty november two thousand and fifteen and the european council conclusions of seventeen and eighteen december two thousand and fifteen	several counterterrorism measures remained a priority issuing the cosy proceedings cause i continued to monitor the implementation of the operational measures of the council conclusions on counter terrorism up twenty november two thousand and fifteen and the european council conclusions of seventeen and eighteen december two thousand and fifteen	/media/hugo/Seagate Expansion Drive/ALICE_BACKUP/voshpde/wav_files/zipfiles/2018032602.wav	0
11	/media/hugo/Seagate Expansion Drive/ALICE_BACKUP/voshpde/pipeLine/segmentation_wavfiles/2018032602/012_2018032602.wav	253.5502494331066	11181566	271.30024943310656	11964341	011_2018032602	the terror attacks had highlighted some areas in the eu internal security architecture which had to be addressed as a matter of priority as an example i can give information management and the need to improve the interoperability between information systems for border control and security	the terror attacks had highlighted some areas in the eus internal security architecture which had to be addressed as a matter of priority as an example i can give information management and the need to improve the interoperability between information systems for border control and security	/media/hugo/Seagate Expansion Drive/ALICE_BACKUP/voshpde/wav_files/zipfiles/2018032602.wav	1
12	/media/hugo/Seagate Expansion Drive/ALICE_BACKUP/voshpde/pipeLine/segmentation_wavfiles/2018032602/013_2018032602.wav	271.30027210884356	11964342	293.25027210884355	12932337	012_2018032602	therefore enhancing information exchange and information management was considered crucial and following preparatory working cause the council at its meetings of ninety june two thousand and sixteen endorse the roadmap to enhance information exchange and information management including interoperability solutions in the justice and home affairs area	therefore enhancing information exchange and information management was considered crucial and following preparatory working cause the council at its meetings of ninety june two thousand and sixteen endorse the roadmap to enhance information exchange and information management including interoperability solutions in the justice and home affairs area	/media/hugo/Seagate Expansion Drive/ALICE_BACKUP/voshpde/wav_files/zipfiles/2018032602.wav	0
13	/media/hugo/Seagate Expansion Drive/ALICE_BACKUP/voshpde/pipeLine/segmentation_wavfiles/2018032602/014_2018032602.wav	293.2502947845805	12932338	309.3002947845805	13640143	013_2018032602	moreover at the last g council eight and nine march this year the ministers reiterated the great importance they attached to the interoperability of the eu information systems within the remits of the current legislative proposals that we have on the table	moreover at the last g council eight and nine march this year the ministers reiterated the great importance they attached to the interoperability of the eu information systems within the remits of the current legislative proposals that we have on the table	/media/hugo/Seagate Expansion Drive/ALICE_BACKUP/voshpde/wav_files/zipfiles/2018032602.wav	0
14	/media/hugo/Seagate Expansion Drive/ALICE_BACKUP/voshpde/pipeLine/segmentation_wavfiles/2018032602/015_2018032602.wav	309.30031746031744	13640144	326.4503174603175	14396459	014_2018032602	cause he also monitor the progress in the implementation of the fore mentioned roadmap and has tasked several different issues to be further export at expert level mainly within the remits of the terrorism working party and she sirene working party	cause he also monitor the progress in the implementation of the fore mentioned roadmap and has tasked several different issues to be further export at expert level mainly within the remits of the terrorism working party and she sirene working party	/media/hugo/Seagate Expansion Drive/ALICE_BACKUP/voshpde/wav_files/zipfiles/2018032602.wav	0
15	/media/hugo/Seagate Expansion Drive/ALICE_BACKUP/voshpde/pipeLine/segmentation_wavfiles/2018032602/016_2018032602.wav	326.4503401360544	14396460	345.30034013605444	15227745	015_2018032602	the discussions on the development of a structured and multidisciplinary approach on counter terrorism in resulted in the creation of a master document covering the most relevant counter terrorism actions this document was inserted in the six month reporting of the implementation of the renewed is	the discussions on the development of a structured and multidisciplinary approach on counter terrorism in resulted in the creation of a master document covering the most relevant counter terrorism actions this document was inserted in the six month reporting of the implementation of the renewed is	/media/hugo/Seagate Expansion Drive/ALICE_BACKUP/voshpde/wav_files/zipfiles/2018032602.wav	0
16	/media/hugo/Seagate Expansion Drive/ALICE_BACKUP/voshpde/pipeLine/segmentation_wavfiles/2018032602/017_2018032602.wav	345.3003628117914	15227746	365.1503628117914	16103131	016_2018032602	in this context because he also discussed strengthening the cooperation on counterterrorism threatanalismsifyouculsoodornjtforlaterporterskesidenagosloly and sorry for de ritem	in this context because he also discussed strengthening the cooperation on counterterrorism threatanalismsifyouculsoodornjtforlaterporterskesidenagosloly and sorry for theritem	/media/hugo/Seagate Expansion Drive/ALICE_BACKUP/voshpde/wav_files/zipfiles/2018032602.wav	3
17	/media/hugo/Seagate Expansion Drive/ALICE_BACKUP/voshpde/pipeLine/segmentation_wavfiles/2018032602/018_2018032602.wav	365.15038548752835	16103132	384.70038548752837	16965287	017_2018032602	on strengthening the cooperation on counterterrorism tread analysis cosi has exported several options in order to find a comprehensive and future oriented threat assessment picture to be submitted by the respective preparatory bodies	on strengthening the cooperation on counterterrorism tread analysis cosy has exported several options in order to find a comprehensive and future oriented threat assessment picture to be submitted by the respective preparatory bodies	/media/hugo/Seagate Expansion Drive/ALICE_BACKUP/voshpde/wav_files/zipfiles/2018032602.wav	1
18	/media/hugo/Seagate Expansion Drive/ALICE_BACKUP/voshpde/pipeLine/segmentation_wavfiles/2018032602/019_2018032602.wav	384.7004081632653	16965288	413.55040816326533	18237573	018_2018032602	this threat assessment consist of europol resports and eu ad future oriented threat assessments on terrorism together with a set of conclusions and policy recommendations which would be prepared where appropriate by the presidency and terrorism working party in cooperation with the member states the eu counter terrorism coordinator the commission the eeas and then submitted for approval to case it	this threat assessment consist of europol resports and eu in future oriented threat assessments on terrorism together with a set of conclusions and policy recommendations which would be prepared where appropriate by the presidency and terrorism working party in cooperation with the member states the eu counter terrorism coordinator the commission the eeas and then submitted for approval to case it	/media/hugo/Seagate Expansion Drive/ALICE_BACKUP/voshpde/wav_files/zipfiles/2018032602.wav	2
19	/media/hugo/Seagate Expansion Drive/ALICE_BACKUP/voshpde/pipeLine/segmentation_wavfiles/2018032602/020_2018032602.wav	413.5504308390023	18237574	440.3004308390023	19417249	019_2018032602	as regards the eu policy cycle the period covering the year two thousand and sixteen and the first semester of two thousand and seventeen was a challenging one as many activities pertaining to the implementation of the two thousand and fourteen two thousand and seventeen cycle and the preparation of the upcoming new policy cycle to cover the years two thousand and eight in two thousand and twenty one were taking place	as regards the eu policy cycle the period covering the year two thousand and sixteen and the first semester of two thousand and seventeen was a challenging one as many activities pertaining to the implementation of the two thousand and fourteen two thousand and seventeen cycle and the preparation of the upcoming new policy cycle to cover the years two thousand and eight in two thousand and twenty one were taking place	/media/hugo/Seagate Expansion Drive/ALICE_BACKUP/voshpde/wav_files/zipfiles/2018032602.wav	0
20	/media/hugo/Seagate Expansion Drive/ALICE_BACKUP/voshpde/pipeLine/segmentation_wavfiles/2018032602/021_2018032602.wav	440.3004535147392	19417250	469.85045351473923	20720405	020_2018032602	cause continued playing its certeintral role in steering the eu policy cycle process the committee monitored every six months the implementation of the fully fledged two thousand and forty two thousand and seventeen policy cycle and on the basis of drivers report the national impact coordinators meeting reports and the findings contained in the europos report clausy put recommendations in order to streamline and consolidate the work than there	cause continued playing its certeintral role in steering the eu policy cycle process the committee monitored every six months the implementation of the fully fledged two thousand and forty two thousand and seventeen policy cycle and on the basis of drivers report the national impact coordinators meeting reports and the findings contained in the europos report clausy put recommendations in order to streamline and consolidate the work than there	/media/hugo/Seagate Expansion Drive/ALICE_BACKUP/voshpde/wav_files/zipfiles/2018032602.wav	0
21	/media/hugo/Seagate Expansion Drive/ALICE_BACKUP/voshpde/pipeLine/segmentation_wavfiles/2018032602/022_2018032602.wav	469.8504761904762	20720406	498.6004761904762	21988281	021_2018032602	in the framework the eu policy cycle another thing to be highlighted here is the performance of joint action days during the recent years what of work has been done in order to streamline and improve the efficiency of these joint action days that are performed by the member states in coordination with europe	in the framework the eu policy cycle another thing to be highlighted here is the performance of joint action days during the recent years what of work has been done in order to streamline and improve the efficiency of these joint action days that are performed by the member states in coordination with europol	/media/hugo/Seagate Expansion Drive/ALICE_BACKUP/voshpde/wav_files/zipfiles/2018032602.wav	2
22	/media/hugo/Seagate Expansion Drive/ALICE_BACKUP/voshpde/pipeLine/segmentation_wavfiles/2018032602/023_2018032602.wav	498.6004988662132	21988282	521.8504988662131	23013607	022_2018032602	if i can give ana successful example in this regard i can easily point out the carried out in june two thousand and seventeen the global airport action day which is a world while wide operational action to tackle froudiland online purchases of white tickets using compromise or stolen credit card data	if i can give an successful example in this regard i can easily point out the carried out in june two thousand and seventeen the global airport action day which is a world while wide operational action to tackle froudiland online purchases of white tickets using compromise or stolen credit card data	/media/hugo/Seagate Expansion Drive/ALICE_BACKUP/voshpde/wav_files/zipfiles/2018032602.wav	1
23	/media/hugo/Seagate Expansion Drive/ALICE_BACKUP/voshpde/pipeLine/segmentation_wavfiles/2018032602/024_2018032602.wav	521.8505215419501	23013608	543.8005215419502	23981603	023_2018032602	this joint action days in two thousand and seventeen resulted in one hundred and fifty three suspects being detained denied boarding en or charged three hundred and twelve suspicious transactions being reported and multiple links to other crimes being identified	this joint action days in two thousand and seventeen resulted in one hundred and fifty three suspects being detained denied boarding en or charged three hundred and twelve suspicious transactions being reported and multiple links to other crimes being identified	/media/hugo/Seagate Expansion Drive/ALICE_BACKUP/voshpde/wav_files/zipfiles/2018032602.wav	0
24	/media/hugo/Seagate Expansion Drive/ALICE_BACKUP/voshpde/pipeLine/segmentation_wavfiles/2018032602/025_2018032602.wav	543.800544217687	23981604	571.550544217687	25205379	024_2018032602	cause provided annually strategic guidance to the planning of this joint action days and was regularly updated by europol on the state of play of the planning and the implementation of all joint action days in two thousand and sixteen cause also agreed on the definition of the joint action days which improved the performance of the joint action days in two thousand and seventeen	cause provided annually strategic guidance to the planning of this joint action days and was regularly updated by europol on the state of play of the planning and the implementation of all joint action days in two thousand and sixteen cause also agreed on the definition of the joint action days which improved the performance of the joint action days in two thousand and seventeen	/media/hugo/Seagate Expansion Drive/ALICE_BACKUP/voshpde/wav_files/zipfiles/2018032602.wav	0
25	/media/hugo/Seagate Expansion Drive/ALICE_BACKUP/voshpde/pipeLine/segmentation_wavfiles/2018032602/026_2018032602.wav	571.550566893424	25205380	594.300566893424	26208655	025_2018032602	cause eu also played a significant role in providing strategic guidance on funding issue and in particular on the decision regarding the distribution and prioritisation of allocated funds among the priority issues you familiar from the report that an evaluation from an independent	cause i also played a significant role in providing strategic guidance on funding issue and in particular on the decision regarding the distribution and prioritisation of allocated funds among the priority issues you familiar from the report that an evaluation from an independent	/media/hugo/Seagate Expansion Drive/ALICE_BACKUP/voshpde/wav_files/zipfiles/2018032602.wav	2
26	/media/hugo/Seagate Expansion Drive/ALICE_BACKUP/voshpde/pipeLine/segmentation_wavfiles/2018032602/027_2018032602.wav	594.300589569161	26208656	615.050589569161	27123731	026_2018032602	party has been performed in two thousand and seven and the findings of these evaluations have been used in order to establish the new policy cycle to cover the next programme period two thousand and eight in two thousand and twenty one	party has been performed in two thousand and seven and the findings of these evaluations have been used in order to establish the new policy cycle to cover the next programme period two thousand and eight in two thousand and twenty one	/media/hugo/Seagate Expansion Drive/ALICE_BACKUP/voshpde/wav_files/zipfiles/2018032602.wav	0
27	/media/hugo/Seagate Expansion Drive/ALICE_BACKUP/voshpde/pipeLine/segmentation_wavfiles/2018032602/028_2018032602.wav	615.0506122448979	27123732	634.900612244898	27999117	027_2018032602	the process of identifieding the eu crime priorities for two thousand and eighteen two thousand and twenty one started in cause in march two thousand and seventeen when the committed took note of the eu serious and organised crime threat assessment the so called socktem as presented by europol	the process of identifieding the eu crime priorities for two thousand and eighteen two thousand and twenty one started in cause in march two thousand and seventeen when the committed took note of the eu serious and organised crime threat assessment the so called socktem as presented by europol	/media/hugo/Seagate Expansion Drive/ALICE_BACKUP/voshpde/wav_files/zipfiles/2018032602.wav	0
28	/media/hugo/Seagate Expansion Drive/ALICE_BACKUP/voshpde/pipeLine/segmentation_wavfiles/2018032602/029_2018032602.wav	634.900634920635	27999118	663.5506349206349	29262583	028_2018032602	subsequently on the basis of the eu socter and taking into consideration other strategic papers assessments and policies cosi agreed on the following ten eu crime priorities for the cycle cybercrime drugs trafficking illegal immigration organised property crime trafficking ing human beings excise fraud and missing trader intercommunity fraud fire arms trafficking	subsequently on the basis of the eu socter and taking into consideration other strategic papers assessments and policies cause agreed on the following ten eu crime priorities for the cycle cybercrime drugs trafficking illegal immigration organised property crime trafficking ing human beings excise fraud and missing trader intercommunity fraud fire arms trafficking	/media/hugo/Seagate Expansion Drive/ALICE_BACKUP/voshpde/wav_files/zipfiles/2018032602.wav	3
29	/media/hugo/Seagate Expansion Drive/ALICE_BACKUP/voshpde/pipeLine/segmentation_wavfiles/2018032602/030_2018032602.wav	663.5506575963719	29262584	681.0006575963719	30032129	029_2018032602	environmental crime criminal financing and document fraud the council adopted council conclusions on setting these eu priorities for the two thousand and eight in two thousand and twenty one policy cycle in may two thousand and seventeen	environmental crime criminal financing and document fraud the council adopted council conclusions on setting these eu priorities for the two thousand and eight in two thousand and twenty one policy cycle in may two thousand and seventeen	/media/hugo/Seagate Expansion Drive/ALICE_BACKUP/voshpde/wav_files/zipfiles/2018032602.wav	0
30	/media/hugo/Seagate Expansion Drive/ALICE_BACKUP/voshpde/pipeLine/segmentation_wavfiles/2018032602/031_2018032602.wav	681.0006802721089	30032130	704.7506802721089	31079505	030_2018032602	finally during this period cause also agreed on the terms of reference of the new policy cycle the terms of reference includes the key features steps and other relevant general elements of the eu policy cycle in particular impact the operational action plans the joint action plans to be carried out	finally during this period cause also agreed on the terms of reference of the new policy cycle the terms of reference includes the key features steps and other relevant general elements of the eu policy cycle in particular impact the operational action plans the joint action plans to be carried out	/media/hugo/Seagate Expansion Drive/ALICE_BACKUP/voshpde/wav_files/zipfiles/2018032602.wav	0
31	/media/hugo/Seagate Expansion Drive/ALICE_BACKUP/voshpde/pipeLine/segmentation_wavfiles/2018032602/032_2018032602.wav	704.7507029478458	31079506	733.5007029478458	32347381	031_2018032602	de if you are interested i can also provide information on other strands for work or only just to highwite them that part of the work of the case during the last tate ing months was dedicated to to the link between the external and internal dimension which was also crucial as regards enhancing the security within the eu	mr if you are interested i can also provide information on other strands for work or only just to highwite them that part of the work of the case during the last stating months was dedicated to to the link between the external and internal dimension which was also crucial as regards enhancing the security within the eu	/media/hugo/Seagate Expansion Drive/ALICE_BACKUP/voshpde/wav_files/zipfiles/2018032602.wav	5
32	/media/hugo/Seagate Expansion Drive/ALICE_BACKUP/voshpde/pipeLine/segmentation_wavfiles/2018032602/033_2018032602.wav	733.5007256235828	32347382	761.4507256235828	33579977	032_2018032602	so i continue or you report tool rock yet are probably now because this is so easterexitsoki have referred a comprehensive report for this fifteen minutes but we can continue questions and answers thank you very lis really interesting but is not as you can see people easter has arise early some thank you very much for the presentation mr pa	so i continue or you report tool rock yet are probably now because this is so easterexitsoki have referred a comprehensive report for this fifteen minutes but we can continue questions and answers thank you very lis really interesting but is not as you can see people easter has arise early some thank you very much for the presentation mr lop	/media/hugo/Seagate Expansion Drive/ALICE_BACKUP/voshpde/wav_files/zipfiles/2018032602.wav	3
33	/media/hugo/Seagate Expansion Drive/ALICE_BACKUP/voshpde/pipeLine/segmentation_wavfiles/2018032602/034_2018032602.wav	761.4507482993197	33579978	781.2007482993197	34450953	033_2018032602	eu got one request for the floor please it will be a second just to relate to the council represented here by the hungarian presidency to make the point point we have objected time and again the intrution of migration	we got one request for the floor please it will be a second just to relate to the council represented here by the hungarian presidency to make the point point we have objected time and again the intrution of migration	/media/hugo/Seagate Expansion Drive/ALICE_BACKUP/voshpde/wav_files/zipfiles/2018032602.wav	2
34	/media/hugo/Seagate Expansion Drive/ALICE_BACKUP/voshpde/pipeLine/segmentation_wavfiles/2018032602/035_2018032602.wav	781.2007709750567	34450954	810.9507709750567	35762929	034_2018032602	into this strategy the security city the internal security strategy if that means if that means that it includes the criminalisation of those trying to reach out to migrants in despair or humanitarian need and including prosecuting humanitarian providers of ad	into this strategy the security city the internal security strategy if that means if that means that it includes the criminalisation of those trying to reach out to migrants in despair or humanitarian need and including prosecuting humanitarian providers of aid	/media/hugo/Seagate Expansion Drive/ALICE_BACKUP/voshpde/wav_files/zipfiles/2018032602.wav	1
35	/media/hugo/Seagate Expansion Drive/ALICE_BACKUP/voshpde/pipeLine/segmentation_wavfiles/2018032602/036_2018032602.wav	810.9507936507937	35762930	837.1007936507937	36916145	035_2018032602	trying to rescue lives at sea because that is the case in a number of situations we have been in countering regrettably so there are a number of spaniards being prosecuted elsewhere beaten elly beit in greece precisely on the grounds of having provided humanitarian aid because of that mixing up	trying to rescue lives at sea because that is the case in a number of situations we have been in countering regrettably so there are a number of spaniards being prosecuted elsewhere beaten ely beit in greece precisely on the grounds of having provided humanitarian aid because of that mixing up	/media/hugo/Seagate Expansion Drive/ALICE_BACKUP/voshpde/wav_files/zipfiles/2018032602.wav	1
36	/media/hugo/Seagate Expansion Drive/ALICE_BACKUP/voshpde/pipeLine/segmentation_wavfiles/2018032602/037_2018032602.wav	837.1008163265307	36916146	856.7508163265306	37782711	036_2018032602	the security strategy with with migration related issues including humanitarian issues when it comes to handling the migration policy and decisions i would like you to comment that	the security strategy with with migration related issues including humanitarian issues when it comes to handling the migration policy and decisions i would like you to comment that	/media/hugo/Seagate Expansion Drive/ALICE_BACKUP/voshpde/wav_files/zipfiles/2018032602.wav	0
37	/media/hugo/Seagate Expansion Drive/ALICE_BACKUP/voshpde/pipeLine/segmentation_wavfiles/2018032602/038_2018032602.wav	856.7508390022675	37782712	878.6008390022675	38746297	037_2018032602	mrs thank you very much ad if mr lopes aguilar had not raise that point i was going to ask you this in fact this question about the crime priorities being irregular immigration and trafficking and human beings because they were reaffirmed as eu crime priorities for the two thousand and eighteen two thousand ad twenty one	mrs thank you very much and if mr lopes agila had not raise that point i was going to ask you this in fact this question about the crime priorities being irregular immigration and trafficking and human beings because they were reaffirmed as eu crime priorities for the two thousand and eighteen two thousand n twenty one	/media/hugo/Seagate Expansion Drive/ALICE_BACKUP/voshpde/wav_files/zipfiles/2018032602.wav	5
38	/media/hugo/Seagate Expansion Drive/ALICE_BACKUP/voshpde/pipeLine/segmentation_wavfiles/2018032602/039_2018032602.wav	878.6008616780045	38746298	901.3508616780045	39749573	038_2018032602	policy cycle so a very similar question i had ad mr lopez agri are not raised it but what is your comment on this because now you have these overlapping responsibilities and there is the obvious concern we have as the libe committee here which mr lopez agolahas made qu elliquentlymsknplease	policy cycle so a very similar question i had at mr lopezagol are not raised it but what is your comment on this because now you have these overlapping responsibilities and there is the obvious concern we have as the libe committee here which mr lopezagolahas made qu elliquentlymsknplease	/media/hugo/Seagate Expansion Drive/ALICE_BACKUP/voshpde/wav_files/zipfiles/2018032602.wav	5
39	/media/hugo/Seagate Expansion Drive/ALICE_BACKUP/voshpde/pipeLine/segmentation_wavfiles/2018032602/040_2018032602.wav	901.3508843537415	39749574	924.1008843537415	40752849	039_2018032602	president have a very concise question i did not quite brass whether data protection is one of these us being covered because if so i would like to	president have a very concise question i did not quite brass whether data protection is one of these us being covered because if so i would like to	/media/hugo/Seagate Expansion Drive/ALICE_BACKUP/voshpde/wav_files/zipfiles/2018032602.wav	0
40	/media/hugo/Seagate Expansion Drive/ALICE_BACKUP/voshpde/pipeLine/segmentation_wavfiles/2018032602/041_2018032602.wav	924.1009070294784	40752850	947.1509070294785	41769355	040_2018032602	what is being done about the cambegeanalitececasethisis a concern for all of us above all the standing of our democracy with peoples privacy being violated so what is going on what plans you have to deal with that	what is being done about the cambegeanalitececasethisis a concern for all of us above all the standing of our democracy with peoples privacy being violated so what is going on what plans you have to deal with that	/media/hugo/Seagate Expansion Drive/ALICE_BACKUP/voshpde/wav_files/zipfiles/2018032602.wav	0
41	/media/hugo/Seagate Expansion Drive/ALICE_BACKUP/voshpde/pipeLine/segmentation_wavfiles/2018032602/042_2018032602.wav	947.1509297052154	41769356	970.4009297052154	42794681	041_2018032602	ok mrs task can you briefly take these questions thank you very much mr preside shortly on the question of the scope of the illegal immigration priority it covers	ok mrs task can you briefly take these questions thank you very much mr preside shortly on the question of the scope of the illegal immigration priority it covers	/media/hugo/Seagate Expansion Drive/ALICE_BACKUP/voshpde/wav_files/zipfiles/2018032602.wav	0
42	/media/hugo/Seagate Expansion Drive/ALICE_BACKUP/voshpde/pipeLine/segmentation_wavfiles/2018032602/043_2018032602.wav	970.4009523809524	42794682	987.7509523809524	43559817	042_2018032602	my apology s mrs banely you has for the clor sorry ad just take thisgestionmyoranliapologiesamsorrymrsbenely pleased now but i do not	my apology s mrs banely you has for the clor sorry i just take this cession my or liapologies am sorry mrs benely pleased now but i do not	/media/hugo/Seagate Expansion Drive/ALICE_BACKUP/voshpde/wav_files/zipfiles/2018032602.wav	13
43	/media/hugo/Seagate Expansion Drive/ALICE_BACKUP/voshpde/pipeLine/segmentation_wavfiles/2018032602/044_2018032602.wav	987.7509750566893	43559818	1011.4009750566894	44602783	043_2018032602	peaking up the point about illegal migrants being doubt with on the same footing as criminals terrorists ad fraud citizen sa on its something that greats very serious concerns in my	peaking up the point about illegal migrants being doubt with on the same footing as criminals terrorists fraud citizen sa on its something that greats very serious concerns in my	/media/hugo/Seagate Expansion Drive/ALICE_BACKUP/voshpde/wav_files/zipfiles/2018032602.wav	3
44	/media/hugo/Seagate Expansion Drive/ALICE_BACKUP/voshpde/pipeLine/segmentation_wavfiles/2018032602/045_2018032602.wav	1011.4009977324263	44602784	1028.2509977324264	45345869	044_2018032602	someone who has come from an area where there is a war going on to seek refuge is by definition going to be an illegal migrant so i have a little problem with that sort of definition to put it mardly	someone who has come from an area where there is a war going on to seek refuge is by definition going to be an illegal migrant so i have a little problem with that sort of definition to put it mardly	/media/hugo/Seagate Expansion Drive/ALICE_BACKUP/voshpde/wav_files/zipfiles/2018032602.wav	0
45	/media/hugo/Seagate Expansion Drive/ALICE_BACKUP/voshpde/pipeLine/segmentation_wavfiles/2018032602/046_2018032602.wav	1028.2510204081632	45345870	1057.4010204081633	46631385	045_2018032602	my next point has already been covered by ms kinga regarding data protection i would like some very specific replies if at all possible regarding what conditions are attached to data gathering under cooperation and whether the rules on data protection are being respected throughout	my next point has already been covered by ms king regarding data protection i would like some very specific replies if at all possible regarding what conditions are attached to data gathering under cooperation and whether the rules on data protection are being respected throughout	/media/hugo/Seagate Expansion Drive/ALICE_BACKUP/voshpde/wav_files/zipfiles/2018032602.wav	1
46	/media/hugo/Seagate Expansion Drive/ALICE_BACKUP/voshpde/pipeLine/segmentation_wavfiles/2018032602/047_2018032602.wav	1057.4010430839003	46631386	1084.3510430839003	47819881	046_2018032602	so if you can tackle this immigration crime point and also the camberag analytical point those two points thank you very much as regards the scope of the operational plan illegal immigration it des predominantly with	so if you can tackle this immigration crime point and also the camberag analytical point those two points thank you very much as regards the scope of the operational plan illegal immigration it dus predominantly with	/media/hugo/Seagate Expansion Drive/ALICE_BACKUP/voshpde/wav_files/zipfiles/2018032602.wav	1
47	/media/hugo/Seagate Expansion Drive/ALICE_BACKUP/voshpde/pipeLine/segmentation_wavfiles/2018032602/048_2018032602.wav	1084.351065759637	47819882	1112.0010657596372	49039247	047_2018032602	migrants smugglers networks it is really important in order to have a comprehensive approach to tackle this type of crime at eu level we have seen a lot of crimes during the recent years and we believe that we need to consolidate our efforts in these regards here we are talking about criminal networks	migrants smugglers networks it is really important in order to have a comprehensive approach to tackle this type of crime at eu level we have seen a lot of crimes during the recent years and we believe that we need to consolidate our efforts in these regards here we are talking about criminal networks	/media/hugo/Seagate Expansion Drive/ALICE_BACKUP/voshpde/wav_files/zipfiles/2018032602.wav	0
48	/media/hugo/Seagate Expansion Drive/ALICE_BACKUP/voshpde/pipeLine/segmentation_wavfiles/2018032602/049_2018032602.wav	1112.0010884353742	49039248	1135.9510884353742	50095443	048_2018032602	smuggling migrants violating their rules and their rights it is important how we we tackle this this question ad during the recent years the g agencies and cosi have shown a wat of determination in giving the right answer to this this challenge	smuggling migrants violating their rules and their rights it is important how we we tackle this this question and during the recent years the g agencies and cosy have shown a wat of determination in giving the right answer to this this challenge	/media/hugo/Seagate Expansion Drive/ALICE_BACKUP/voshpde/wav_files/zipfiles/2018032602.wav	2
49	/media/hugo/Seagate Expansion Drive/ALICE_BACKUP/voshpde/pipeLine/segmentation_wavfiles/2018032602/050_2018032602.wav	1135.951111111111	50095444	1154.601111111111	50917909	049_2018032602	i do not see any any room of possible misunderstandings here because smuggling of migrants is crime it might be very dangerous very risky and it goes against their their rights	i do not see any any room of possible misunderstandings here because smuggling of migrants is crime it might be very dangerous very risky and it goes against their their rights	/media/hugo/Seagate Expansion Drive/ALICE_BACKUP/voshpde/wav_files/zipfiles/2018032602.wav	0
50	/media/hugo/Seagate Expansion Drive/ALICE_BACKUP/voshpde/pipeLine/segmentation_wavfiles/2018032602/051_2018032602.wav	1154.601133786848	50917910	1179.351133786848	52009385	050_2018032602	as regards the overlapping between tb and illegal migration in clasy we keep very high first of all multidisciplinary approach ad then on operational level europol and the drivers of the two different operational plans exchange information	as regards the overlapping between tb and illegal migration in clasy we keep very high first of all multidisciplinary approach and then on operational level europol and the drivers of the two different operational plans exchange information	/media/hugo/Seagate Expansion Drive/ALICE_BACKUP/voshpde/wav_files/zipfiles/2018032602.wav	1
51	/media/hugo/Seagate Expansion Drive/ALICE_BACKUP/voshpde/pipeLine/segmentation_wavfiles/2018032602/052_2018032602.wav	1179.351156462585	52009386	1206.701156462585	53215521	051_2018032602	tackle in a coordinated way predominantly ve joint action days every time where there are signs or evidence that are leading to presumption that we have a case in which we have both trafficking in human beings and illegal migration before you for you mentioned	tackle in a coordinated way predominantly ve joint action days every time where there are signs or evidence that are leading to presumption that we have a case in which we have both trafficking in human beings and illegal migration before you for you mentioned	/media/hugo/Seagate Expansion Drive/ALICE_BACKUP/voshpde/wav_files/zipfiles/2018032602.wav	0
52	/media/hugo/Seagate Expansion Drive/ALICE_BACKUP/voshpde/pipeLine/segmentation_wavfiles/2018032602/053_2018032602.wav	1206.701179138322	53215522	1233.651179138322	54404017	052_2018032602	just to say that the conclusion comes in not because obviously trafficking in human beings we understand that priority the confusion comes in because one of the crime priorities was it was termed irregular mg immigration this is what mrs banal mr lopes i gela ar saying and i am saying so clearly that is where the confusion comes in and it is more than a confusion so just take it as read from the libe committee a very strong message that that is a problem	just to say that the conclusion comes in not because obviously trafficking in human beings we understand that priority the confusion comes in because one of the crime priorities was it was termed irregular mg immigration this is what mrs banal mr lopes i gela ar saying and i am saying so clearly that is where the confusion comes in and it is more than a confusion so just take it as read from the libe committee a very strong message that that is a problem	/media/hugo/Seagate Expansion Drive/ALICE_BACKUP/voshpde/wav_files/zipfiles/2018032602.wav	0
53	/media/hugo/Seagate Expansion Drive/ALICE_BACKUP/voshpde/pipeLine/segmentation_wavfiles/2018032602/054_2018032602.wav	1233.651201814059	54404018	1254.901201814059	55341143	053_2018032602	trafficking in human beings is not a problem because it it is a crime but irregular immigration is not crime so can i be is blunt as this ad ad the terminology this should be looked at because it is quoted as a crime priority in the	trafficking in human beings is not a problem because it it is a crime but irregular immigration is not crime so can i be is blunt as this and and the terminology this should be looked at because it is quoted as a crime priority in the	/media/hugo/Seagate Expansion Drive/ALICE_BACKUP/voshpde/wav_files/zipfiles/2018032602.wav	2
54	/media/hugo/Seagate Expansion Drive/ALICE_BACKUP/voshpde/pipeLine/segmentation_wavfiles/2018032602/055_2018032602.wav	1254.9012244897958	55341144	1284.551224489796	56648709	054_2018032602	crime priorities for the two thousand ad eighteen twenty ad twenty one policy cycle so i do want to make a mila m jus saying if you want to me want to the cambridge analyticapointlesermuch just a point of clarification from my side that the whole name is fighting facilitation of illegal immigration and it is clear that here we are tackling the smugglers networks	crime priorities for the two thousand and eighteen twenty and twenty one policies cycle so i do want to make a mila m jus saying if you want to me want to the cambridge analyticapointlesermuchjust a point of clarification from my side that the whole name is fighting facilitation of illegal immigration and it is clear that here we are tackling the smugglers networks	/media/hugo/Seagate Expansion Drive/ALICE_BACKUP/voshpde/wav_files/zipfiles/2018032602.wav	6
55	/media/hugo/Seagate Expansion Drive/ALICE_BACKUP/voshpde/pipeLine/segmentation_wavfiles/2018032602/056_2018032602.wav	1284.551247165533	56648710	1309.7012471655328	57757825	055_2018032602	the people that are abusing ad are taking money and providing means for dangerous travelling v different rules and it is important that we keep coordinated approach and fight the this phenomenon with the smugglers and exploitation of the migrants	the people that are abusing and are taking money and providing means for dangerous travelling v different rules and it is important that we keep coordinated approach and fight the this phenomenon with the smugglers and exploitation of the migrants	/media/hugo/Seagate Expansion Drive/ALICE_BACKUP/voshpde/wav_files/zipfiles/2018032602.wav	1
56	/media/hugo/Seagate Expansion Drive/ALICE_BACKUP/voshpde/pipeLine/segmentation_wavfiles/2018032602/057_2018032602.wav	1309.7012698412698	57757826	1326.55126984127	58500911	056_2018032602	as regards data protection is not not part of of a specific part of the cosi cosi work its more	as regards data protection is not not part of of a specific part of the cosy cosy work its more	/media/hugo/Seagate Expansion Drive/ALICE_BACKUP/voshpde/wav_files/zipfiles/2018032602.wav	2
57	/media/hugo/Seagate Expansion Drive/ALICE_BACKUP/voshpde/pipeLine/segmentation_wavfiles/2018032602/058_2018032602.wav	1326.551292517007	58500912	1347.4012925170068	59420397	057_2018032602	a horizontal issue that we apply on every straight of our our work as regards the gathering of information its all all the rules at eu level especially police directive which was recently adopted	a horizontal issue that we apply on every straight of our our work as regards the gathering of information its all all the rules at eu level especially police directive which was recently adopted	/media/hugo/Seagate Expansion Drive/ALICE_BACKUP/voshpde/wav_files/zipfiles/2018032602.wav	0
58	/media/hugo/Seagate Expansion Drive/ALICE_BACKUP/voshpde/pipeLine/segmentation_wavfiles/2018032602/059_2018032602.wav	1347.4013151927438	59420398	1373.0513151927437	60551563	058_2018032602	it is really has a strong place in our discussions there are several sets of council conclusions that highwight explicitly the importance of data protection so i can assure you that all eu legislation in this regard is not only respected but highly forward	it is really has a strong place in our discussions there are several sets of council conclusions that highwight explicitly the importance of data protection so i can assure you that all eu legislation in this regard is not only respected but highly forward	/media/hugo/Seagate Expansion Drive/ALICE_BACKUP/voshpde/wav_files/zipfiles/2018032602.wav	0
59	/media/hugo/Seagate Expansion Drive/ALICE_BACKUP/voshpde/pipeLine/segmentation_wavfiles/2018032602/060_2018032602.wav	1373.0513378684807	60551564	1397.7013378684808	61638629	059_2018032602	and observed and monitored by by cosi as regards the came rage analytical case its not dealt within cosi as consequences is more or less within cats and the respective bodies cause usually deal from operational perspective of the things	and observed and monitored by by cosy as regards the came rage analytical case its not dealt within cosy as consequences is more or less within cats and the respective bodies cause usually deal from operational perspective of the things	/media/hugo/Seagate Expansion Drive/ALICE_BACKUP/voshpde/wav_files/zipfiles/2018032602.wav	2
60	/media/hugo/Seagate Expansion Drive/ALICE_BACKUP/voshpde/pipeLine/segmentation_wavfiles/2018032602/061_2018032602.wav	1397.7013605442178	61638630	1426.7513605442177	62919735	060_2018032602	it is the strategic coordination from operational point of view so it is the operations themselves and not the cases that that can have an impact in this regard but if we are interested in this it is a kind of policy framework which national competent authorities operate	it is the strategic coordination from operational point of view so it is the operations themselves and not the cases that that can have an impact in this regard but if we are interested in this it is a kind of policy framework which national competent authorities operate	/media/hugo/Seagate Expansion Drive/ALICE_BACKUP/voshpde/wav_files/zipfiles/2018032602.wav	0
61	/media/hugo/Seagate Expansion Drive/ALICE_BACKUP/voshpde/pipeLine/segmentation_wavfiles/2018032602/062_2018032602.wav	1426.7513832199547	62919736	1442.6013832199546	63618721	061_2018032602	i in this regard and we within the cosi remits we are only following it ad taking into consideration when it comes to operational character of the activities that we perform thank you very much	i in this regard and we within the cosy remits we are only following it and taking into consideration when it comes to operational character of the activities that we perform thank you very much	/media/hugo/Seagate Expansion Drive/ALICE_BACKUP/voshpde/wav_files/zipfiles/2018032602.wav	2
62	/media/hugo/Seagate Expansion Drive/ALICE_BACKUP/voshpde/pipeLine/segmentation_wavfiles/2018032602/063_2018032602.wav	1442.6014058956916	63618722	1460.7514058956915	64419137	062_2018032602	mr president thank you very much de i am preaty sure we are going to have a discussion in one we of the other camberishianalitical and facebook and we are probably discussed the enforcement element of that as well thank you very much mrs task and thank you to your team from the bulgarian presidency	mr president thank you very much i am preaty sure we are going to have a discussion in one we of the other camberishianalitical and facebook and we are probably discussed the enforcement element of that as well thank you very much mrs task and thank you to your team from the bulgarian presidency	/media/hugo/Seagate Expansion Drive/ALICE_BACKUP/voshpde/wav_files/zipfiles/2018032602.wav	3
63	/media/hugo/Seagate Expansion Drive/ALICE_BACKUP/voshpde/pipeLine/segmentation_wavfiles/2018032602/064_2018032602.wav	1460.7514285714285	64419138	1476.7014285714286	65122533	063_2018032602	thank you very much for your tim aftenoncolleagues the next item we have to move for the next item it seventeen forty five and it is the consideration of the draft delegation report on slovakia and that will be with the	thank you very much for your tim aftenoncolleagues the next item we have to move for the next item it seventeen forty five and it is the consideration of the draft delegation report on slovakia and that will be with the	/media/hugo/Seagate Expansion Drive/ALICE_BACKUP/voshpde/wav_files/zipfiles/2018032602.wav	0
64	/media/hugo/Seagate Expansion Drive/ALICE_BACKUP/voshpde/pipeLine/segmentation_wavfiles/2018032602/065_2018032602.wav	1476.7014512471656	65122534	1501.6514512471656	66222829	064_2018032602	econ committee ad it is going to be an jan si cu two and that is it seventeen ad forty five jan six cu to and that is the draft delegation report on slovakia which i know some colleagues are interested in so six you to seventeen forty five so please go there for for that continuation thank	coentcommittee and it is going to be an jan si cu two and that is it seventeen forty five jan six cu to and that is the draft delegation report on slovakia which i know some colleagues are interested in so six you to seventeen forty five so please go there for for that continuation thank	/media/hugo/Seagate Expansion Drive/ALICE_BACKUP/voshpde/wav_files/zipfiles/2018032602.wav	7
65	/media/hugo/Seagate Expansion Drive/ALICE_BACKUP/voshpde/pipeLine/segmentation_wavfiles/2018032602/066_2018032602.wav	1501.6514739229026	66222830	1519.7014739229026	67018835	065_2018032602	eu	o	/media/hugo/Seagate Expansion Drive/ALICE_BACKUP/voshpde/wav_files/zipfiles/2018032602.wav	2
66	/media/hugo/Seagate Expansion Drive/ALICE_BACKUP/voshpde/pipeLine/segmentation_wavfiles/2018032602/067_2018032602.wav	1519.7014965986396	67018836	1519.978231292517	67031040	066_2018032602			/media/hugo/Seagate Expansion Drive/ALICE_BACKUP/voshpde/wav_files/zipfiles/2018032602.wav	0
